semionburmistrov123@yandex.ru,123,1
semionburmistrov123@yandex.ru,123,2
q@q,q,3
q@q,q,4
q@q,q,5
q@q,q,6
q@q,q,7
q@q,q,8
q@q,q,9
q@q,q,10
q@q,q,11
q@qq,q,12
semionburmistrov123@yandex.ru,123,13
semionburmistrov12345@yandex.ru,123,14
semionburmistrov12345@yandex.ru,123,15
a@a,a,16
semionburmistrov12345@yandex.ru,123,17
semionburmistrov12345@yandex.ru,123,18
semionburmistrov12345@yandex.ru,123,19
semionburmistrov12345@yandex.ru,123,20
semionburmistrov12345@yandex.ru,123,21
semionburmistrov12345@yandex.ru,123,22
semionburmistrov12345@yandex.ru,123,23
semionburmistrov12345@yandex.ru,123,24
semionburmistrov12345@yandex.ru,123,25
qqq@qqqq,123qw,26
qqq@qqqq,123qw,27
qqq@qqqq,123qw,28
nhh@wsw,123qw,29
nhh@wsw,123qw,30